"Reference","Value","Footprint","Datasheet","LCSC Part","Qty"
"C1","0.47uF","Capacitor_SMD:C_0201_0603Metric_Pad0.64x0.40mm_HandSolder","https://www.lcsc.com/products/Multilayer-Ceramic-Capacitors-MLCC-SMD-SMT_313.html","C162281","1"
"C2","0.1uF","Capacitor_SMD:C_0805_2012Metric","https://www.lcsc.com/products/Multilayer-Ceramic-Capacitors-MLCC-SMD-SMT_313.html","C3011698","1"
"Ci1","100nf","Capacitor_SMD:C_0805_2012Metric","https://www.lcsc.com/products/Multilayer-Ceramic-Capacitors-MLCC-SMD-SMT_313.html","C114581","1"
"LED1","TC5050RGBF08-3CJH-AF53A",":LED-SMD_6P-L5.0-W5.0-TL_TC5050RGBF08","https://lcsc.com/product-detail/Light-Emitting-Diodes-LED_TCWIN-TC5050RGBF08-3CJH-AF53A_C784540.html","C784540","1"
"LED2","TC5050RGBF08-3CJH-AF53A",":LED-SMD_6P-L5.0-W5.0-TL_TC5050RGBF08","https://lcsc.com/product-detail/Light-Emitting-Diodes-LED_TCWIN-TC5050RGBF08-3CJH-AF53A_C784540.html","C784540","1"
"LED3","TC5050RGBF08-3CJH-AF53A",":LED-SMD_6P-L5.0-W5.0-TL_TC5050RGBF08","https://lcsc.com/product-detail/Light-Emitting-Diodes-LED_TCWIN-TC5050RGBF08-3CJH-AF53A_C784540.html","C784540","1"
"Rd1","3.3k","Resistor_SMD:R_0201_0603Metric","https://www.lcsc.com/products/Chip-Resistor-Surface-Mount_439.html","C108078","1"
"U1","WS2811","models:SOP-8_L4.9-W3.9-P1.27-LS6.0-BL","https://cdn-shop.adafruit.com/datasheets/WS2811.pdf","C114581","1"
"U2","L78L12_SOT89","Package_TO_SOT_SMD:SOT-89-3","http://www.st.com/content/ccc/resource/technical/document/datasheet/15/55/e5/aa/23/5b/43/fd/CD00000446.pdf/files/CD00000446.pdf/jcr:content/translations/en.CD00000446.pdf","C75501","1"
